f0,f1,f2,f3,f4,f5,f6,f7,f8,f9,label
0.5006657213812097,0.04977368718096008,-2.5735077173749636,-4.641716763073607,-2.1491551187643023,-1.3078546859438007,-0.37805291796947366,-1.3131264619579042,-2.1440904899483373,1.0669084825025963,0
-0.4367197360405955,-0.06613261462582246,1.6466700521130426,-1.981780644225014,-0.7302490916684546,0.6663378107390334,0.9655708027046832,-1.209193290941748,-1.5154533646812667,-1.0735843965921268,1
-0.01383774609423725,-0.6897277740641738,-1.8709174900136407,0.44545699322133003,2.7267999385750237,2.1367095966728336,0.19499905690494423,4.868282812686985,-0.9970572755093445,0.9754224577908019,1
-0.9564363768180087,0.47240627788037737,2.4724709251003043,-0.8058987499976045,-4.230330212779139,1.7935945527020936,0.7126196745141662,-3.6435846954873723,1.5956858024520142,-1.5139874534055566,1
0.0012054753622242368,-0.8170886310681906,-2.6780469002862994,-1.1803415305970326,0.48671284265255443,-2.4380351461619423,0.8050890795752816,-1.751898665131206,0.6155736762374229,0.9567757589011956,0
1.0519476177229186,-0.9980606273144129,-1.5419894230487827,-3.461625699628201,-1.0436311100903712,-1.0005234214300036,0.38890859817804935,-1.0617553627418863,-1.8825018430604443,0.8309395463987435,0
-0.23086637384476896,1.4532606633210343,-1.6660360142890904,-1.8151057809319706,-1.2680567781438394,1.675926663457067,-0.04800163753480635,0.7536792903751819,-0.006987833703946511,-0.03697745400561803,1
-1.2504077339697175,0.6045153263553668,-0.40879305776122243,-5.33205128482936,-2.4625229347432684,2.5016265184050095,1.304207082752476,-1.8525535131657596,-1.1752799214577645,-2.7332927797845565,1
1.8005111815108537,1.2389463529394373,0.020374783718469902,-1.9809429520314095,-3.9085675841974723,-0.052777539509283544,0.09339864955549182,-3.2316099667213245,0.6924048342997873,0.1754327619781677,0
-0.5441140021141926,-0.1627929060722942,-1.5438902787161903,-0.3678695281037037,-0.7442392776531818,-1.274726016245654,1.0599280536554803,-2.175016361597232,1.5122094942400084,0.9312367503835817,0
-0.6267172245899651,0.8623934723827588,-3.000002003586948,-2.7593182806883942,-0.9112944251981566,-2.488176702658316,-1.983049827045084,-1.807026056890913,0.07222432560720571,-1.3657951605629293,0
-0.12545426000290022,0.3278795241593574,-1.6296952367256181,-0.9958983429523253,0.7903700231076378,0.6476071538071009,1.09809111775045,0.49416757515152054,0.2048489947251675,-0.03823716009417699,1
-0.5029747705513431,0.26348721533105957,-1.8836813813512392,-3.6770646934577074,-0.6122279670462127,-0.9030308962179786,-0.31982288584916463,-1.6710401406901816,-0.7821265961807808,-1.8708962008647803,0
-1.2457173764463845,0.054934110999848726,0.6420759554250384,0.0787642558887602,-0.33123763181791094,0.06376060094001301,1.8424513208193545,-2.517089424312472,1.6256514702138511,-0.9382692851693484,1
-0.3583401520212222,-0.6475418056351592,1.4190649154395845,0.414958315043805,-4.116052569292596,0.6708670613538865,-0.8554238415088716,-2.0781646420187077,1.3387182458634528,0.5624171835655996,1
-1.8665399513606162,1.0075136898369221,0.6879642464254496,4.161692669914437,-0.06671682236102727,-0.10154230063451863,-3.0164211983929157,3.1192630298939643,0.5898895804938371,2.0788721472682123,1
0.8004095252276823,0.7542913298135743,-1.155731400483253,1.9555337986224202,1.0825938028132107,-0.4545234567307584,1.155664116925181,-0.016767785633838485,2.015270888134129,1.2884049838717901,0
1.1941094030473725,-0.9811655311396816,-1.5380686956339855,-4.1025055570875475,-0.847551163319419,-1.0808869280195004,0.426229728196166,-2.467108348702251,-0.99378106290074,-1.6117184746854698,0
1.235782191822154,-1.0710536796490489,0.3487957117270954,1.9281569658918913,-2.279518960238621,1.7540541721394456,-1.5365374060271035,0.6985096911778831,2.0296425568820515,0.2033630380167637,1
0.1733416643704082,0.24395319790850026,-0.449060745940488,-0.21066196707970444,0.03251466473746478,-0.6209448646372856,1.308397443251772,-1.0423237770793305,0.3212996272825503,0.9936289918164674,0
-0.4700421477595015,0.2658782296520485,-0.10110787791633058,0.6068649452967712,-4.273549490977447,1.329554080621837,-2.331629186231689,-0.4414323212589042,1.8575832859658707,0.40563438840422816,1
0.8250982646676347,-0.8671302157109003,-0.6024580324520894,-1.8063950370504807,-0.8833290255271296,-1.9052311557389667,1.9710449155069043,-3.0117917496818976,-0.34000561502527393,1.5585642405579625,0
0.32674476460232005,0.30047435961082836,-1.4250487867501964,2.0627985254124486,-1.1354266228150312,0.9545731135309401,-1.4346788342129255,0.541159746418965,3.1632849260272717,-0.27741036365073657,0
-0.4070363129267805,0.6863184569567008,2.5221498675966574,2.2643300552377896,-0.9723505995973949,1.2933728890943905,-1.0543482658166563,0.1462616586876508,1.0962665407489651,-1.1026163294887141,1
-0.7859860326349823,-1.3810446031537749,-0.22487405967258212,-0.8668844955273751,1.2507277267372945,-1.9010352978730272,3.890441140470969,-4.1661375603038735,1.2878841341610772,-0.3110602667725427,1
0.3764095260975166,-0.9020515543575104,-0.9456874784639938,-1.580320286975015,-3.59006908546388,0.8340986304233062,-0.14702444820696148,-1.944339558685716,1.267882428798404,0.2300034446633875,0
2.9490944253087252,1.2446795807367868,0.5848887318813798,0.43238619501517395,0.09302535313936389,1.688639992453816,0.38081773279548686,0.21265851713109463,1.017533895685413,-1.5949614590709347,1
2.0565435648295414,-1.1308884353259157,-1.3301364877405204,-0.624636415223563,1.3340147626682748,0.007462099152624524,1.231331739169778,-1.0438894051460657,1.4586439638805908,-1.9459121201784588,1
-0.5466800845872654,-0.2716551103260533,-2.5035753299093533,-3.4337311432629707,-1.16468629406673,-0.9613290939298065,-0.787751549456484,-0.8464227577639705,-1.0212344914988276,-0.3080854045002492,0
-0.4173668136050844,-0.2950899142379063,-0.39693419139798247,0.93392853735908,1.9143154529376616,1.544286959917339,0.8534226584270801,2.766469769479428,-0.3471236801546389,0.770044305699991,1
-0.3286184757489846,0.6031874310823431,-2.0016659353851596,1.5604066211724485,1.3690519653918687,-1.1948582788065403,0.21439773971456189,0.07843078822064038,1.9422372089071696,0.7085482308362303,0
0.34767648353833636,-0.4872285641135523,1.5685531813085496,5.221919071271462,-1.1047091997693237,0.15189981671582298,-2.1552696171182193,1.432498363210151,2.2987547850403356,2.0677338894591,1
0.8903831635197862,0.5752050161065663,-0.42098659342040995,-2.2237631062060634,-0.41883120957848696,-1.7456586436747845,-0.7853708109093808,-0.8252084771840072,-2.0018550612124977,0.11584503067261831,0
-1.2111719292807812,0.7307641190665245,3.969404157923262,3.830651919850875,-0.7695663266474077,0.013704100451059409,-0.6427790474976965,-0.7607710064942761,1.1759055230282474,0.056433381060042254,1
0.6988284202025348,0.4209729443893898,-0.7193421394593045,-2.3848310243561075,-2.990668519609123,0.05697744904502844,-0.47046841484114404,-0.7545902705891738,-1.2091981686552313,1.636776997268025,0
-0.22859991534001858,-0.9943493746085122,0.5140153395303173,-3.1343885921523014,0.0679394974430495,-2.890419076669003,3.41664084666583,-3.5634938837656245,-2.724305262156647,2.3597786076986624,0
0.8823330623234091,-0.45209033283308037,-1.1602632135806934,-0.243622746762035,-2.900867231242402,1.1597968012930653,-0.7457638409456204,0.3315261016985251,0.7942926353796397,1.84687532805166,1
0.8508979621679722,-0.13737178839939665,0.20775373559666277,-1.1805612577655022,-0.5025854034849329,-1.065432999589702,2.0165788894979224,-2.175347833432429,-0.5004204555744161,1.3235652783365044,0
0.18970616761039566,-0.6619821777966091,-0.4006648977038949,1.4722758450713977,-2.4614601104751213,1.2925465696845384,-1.250822646934851,0.3778790788069868,2.0087665920579445,0.9056639047033659,1
-0.9161919154812425,-0.8318222082304447,-2.119460511386794,-2.6912964997830677,-1.425040493303327,-0.21772039481859207,-1.4623106562095731,-1.5580125816815853,0.8269101783100106,-2.810567331644692,0
0.020886488295961788,0.23070090571868349,-1.274389880893895,1.87753650944072,1.1548952158753434,0.28303885579468835,-0.031699398791680156,1.313481398314963,1.6448527189395359,0.5132203913729665,0
1.0602099074988798,2.7596600389110777,-1.9627553686950656,1.7104471217034873,0.21819791531213428,-0.37375632809673576,-0.33726685182180116,0.017144451480598736,2.6821260800609963,0.3398728629339976,0
0.9218015019772522,0.4826878872092127,-1.6188518795669695,-0.6960380104323759,0.4449741040216453,0.7807495071628523,0.8461033846934912,0.2742001406011353,0.784533497985834,-0.3374872183482408,1
-0.7691423497872982,-0.9399031011088647,0.8985865015526486,-2.227905824452638,-0.471560164997338,-2.0396079463952743,3.295218078735121,-3.3516019041833958,-1.8475585938838701,2.310597684810917,0
0.20726732939894396,0.06934433703625043,-0.8524558362032028,-1.899038391743008,-0.8467641226700918,-1.013469962232208,-1.6249680457843785,-0.8835279287975053,-0.5935123649661035,-1.4681798645244442,0
0.9653974845911707,1.2361307218062179,-0.7711013897173905,0.022844340162121807,-2.3894813897758196,0.604436866004536,-0.0940648935440156,-1.438973090597618,2.039074204320949,0.18489532752962623,0
-1.6075598643689741,-0.7627247785662142,-1.228373910587301,0.15937699902470173,1.617433838447664,-1.629962478777935,0.488973590585837,-0.3759793739880025,0.29435796268915926,0.23841984061630228,0
-0.018708756445897416,-0.38851845308888583,0.23125516909005484,-3.4682897164232633,-2.4062650623232704,-2.0135782945452867,2.2732642956248057,-4.556063823262518,-1.2717708215929855,1.4021962334871236,0
-0.36927713924620315,0.14338846734225108,-1.6786093678459282,-2.156255868094712,-2.062414142535048,-0.6789977481497581,-1.842256336416901,-0.7776333362761906,-0.26595860375328706,-0.43475519593963874,0
0.5555126463422483,-0.9186865114860944,-1.1518451064168014,0.5517920080392766,0.9880284796909142,0.9243728805637659,0.46620668574531443,0.800319243680126,1.3123555634384356,-0.6669479795796611,1
0.22530792204094158,-0.3695269288333586,0.8601303923327579,-1.4762550928529194,1.2339581390557275,-2.455664837848704,0.9375939850563375,-0.21453490231374525,-3.6644262577078965,2.296977495482987,0
-0.5495571359085801,0.8595878869798019,1.19584055434537,-0.6887292439420256,0.7142358338874997,-0.33940292170370157,2.9204612616181373,-3.5679165443613114,1.2534863591771832,-2.193326649132233,1
0.8868873900973003,-0.42076179368105326,0.9613795596000243,-1.8595188673843939,-3.3683716782952393,1.8405846312703704,-1.2743454969395795,-1.095227371064736,0.006091846806083323,-1.8969742836050212,1
0.9873345165891019,-0.07595102364252276,2.06886532087875,5.431904985023975,-0.3515312021040516,0.4123055929700194,0.8885836940552361,0.06422603186036688,2.9868674664337584,2.7648954909148036,1
0.6659242520544614,0.4215866106144557,-1.4202748955017976,-1.1996873887159691,-2.0411019963610277,0.5192720628165957,-2.3923210116238502,-0.4800137645759909,1.2058324537714562,-2.2085909287153496,0
-0.06717829004935526,-0.7157599891107518,1.6495245777933512,0.10778124286038233,1.6165845347624261,-1.0295295661934463,-0.020144504801981822,0.16287846191900482,-1.7324902011376357,-0.5750513167816513,0
-1.3386057997232488,0.6929186230316111,-0.08800682695257844,-1.2239170510482384,-0.9414246270828295,0.24976400916605057,0.7600096063333963,-3.1472342044617814,2.0586765339655066,-3.1588155910817193,1
-0.5583017539460305,-1.100154232971695,1.4401041415659035,1.3970165749954273,1.5983326064427377,-0.526827847981374,0.05238120731612006,1.2115329286401642,-1.201021736029714,0.8121654922564441,0
0.02246589281204638,0.54711911517521,0.9259616157966744,-0.3023248269197639,-0.6967327157332791,-1.6552985805250517,2.9729247410894812,-3.1052049401912325,-0.141863314066762,2.5745239608102137,0
1.42274813609994,0.9262154022415924,-0.5320061420796943,-2.07613866493134,-2.6127537072091003,-0.63840468570692,0.5560147430582137,-2.922336773619196,0.3669316745635499,0.2866035574119157,0
2.0997217891665154,-0.24702570074599667,-0.0796033226818249,-1.0235906863617237,0.2562273689190717,0.7763168475911069,0.01951810523491815,1.2007725836998129,-1.3567894964327227,0.08703248874865699,0
-0.23040071420576733,-0.9242331442683044,0.09900285277497278,0.05519856600830511,0.9636818684097834,0.15199439547146887,0.7471631123391091,-0.3533527732745121,0.46285761590356,-1.0738525111899158,0
0.39069592092814415,-1.326472128311083,-0.807118592975705,-1.1795075230648298,-3.1899572576099064,1.6795173018838419,-1.8594751995743688,0.17364407445659294,0.6233251531941681,-0.5415227375977991,0
0.3904648499288896,-0.10322175293249623,0.3875922265709457,-1.2665709769225904,-0.778418646818035,-0.5666871223275208,1.9086833126526261,-1.6898108401202663,-0.8272347003037688,1.5591773995453564,0
-1.1808128153088449,1.114321694668872,-1.6664378653147718,-2.075572430299047,-1.2877972602199534,-2.280307152277869,1.319277781670083,-3.3046367145579993,0.3032490062415172,1.269963668141602,0
-0.29396694766418224,-0.07159925185806683,1.5273870315200313,0.6781284584654098,1.4577802693778354,-0.2335759016630362,-0.7959822334467023,0.4135588199615133,-0.5662725849301782,-2.0041281782360043,0
1.0176614668435024,0.271495310825648,1.6214867571023774,0.4727055585076831,0.8898597390700016,-1.3302716438351183,-0.3949294951390141,0.1796371445005759,-1.7258729263677546,0.49728904421536857,0
-0.025574312191994436,-1.7690759048891183,-0.1335206481233293,-1.385188039997669,-1.461795865191696,-1.3706373612141394,1.5744101796009162,-2.774321743276313,-0.14328517850490063,1.5361102402642828,0
-0.8304444065565653,0.5225141052657575,0.6693365805543912,-0.571851708435346,-0.34914972427955254,-0.02923704515782022,-0.2717739360110156,0.3499494983241909,-1.3491843882903782,0.5118821792013586,0
-0.17585440443207118,1.6614701657280182,-2.0736842090567196,3.239926873651173,1.8675450129575644,-0.2814094140694723,-0.9217521699348081,1.4566561020574973,3.194117843434932,-0.25936155373632297,0
0.8901984111247868,1.0352493347237526,-1.7090390116363547,-4.1061037422828965,-0.7177918814612763,-3.552555197098437,-2.834291369535361,-1.9675353556461632,-2.392803003989485,-1.9433317675717359,0
-1.3776175007542373,-0.5647740041709423,-2.837390303666864,-3.070410440334356,-3.9543535818402313,1.5046619030592008,-0.8210464250952989,-1.019016657021816,1.0945666329247288,-0.1270192893612737,1
-0.7728776678236091,0.4070522871245351,-2.1146234914590103,-2.636297035729496,-2.663850544407924,-1.2523887307925945,-0.6837585743566041,-2.859187986460308,0.8374032171939791,-0.490561022418897,0
0.4395012306202264,0.7789365035121141,-0.7270490587651252,-1.8968646312919215,-0.03787646854711446,-0.5752890283181035,-0.5405751871506936,-0.8713511275409412,-0.4790443535477515,-1.7320001540908394,0
-1.77623523289832,0.40865281148067084,-0.06446905577117301,-0.12517568191724407,-0.545292458117711,0.5969857197810446,-0.798962966425941,0.2501063386556616,0.29314203828353746,-0.8387276089784744,0
-0.6414815952229522,0.43192254467394064,-1.8221250959859752,-1.0048714650050772,-0.2888181323888357,-1.500460114682462,0.2860421661733743,-1.422351338980656,0.555098042874534,0.5248089315121436,0
0.6704806172412126,-1.0718572330401555,1.0243051015812823,-2.5892580480049125,-1.2413251229013385,-1.9512758283591511,3.715689538642672,-3.9265215276679197,-1.8818098963743315,2.8535331829382944,0
0.7903718960517113,0.34005129456889044,-0.2448322294465458,-3.425760129145998,-2.2481158973494706,-1.1411406720107848,2.977644612378122,-5.771733966302849,0.9108397832596951,-0.9412639898308383,1
0.05993263026632825,0.2773769379581917,-1.8610577346965487,-2.3947858700255336,-1.460517035136773,-1.6019231941139012,0.311613622160098,-2.58419398109162,0.25728256425251905,0.16958637418234557,0
0.7408243454201259,-0.5132135664715852,-1.7555203022824712,-2.316087729816062,-3.4597318743871552,-0.23322831519964826,-0.4002611198967696,-2.8238852263248364,1.3770375930420928,-0.30829596551989624,0
-0.26451484131061076,-2.0038623644067535,-0.38023096870829504,-0.2310659798130029,0.1591250918338072,-1.1686686695722786,0.9156499190786443,-1.10031022904746,0.014168925913038088,0.9685631785605494,0
-0.8696630812746944,1.1254347844147694,-0.27291946018017177,3.988754757116979,1.9567842675859197,0.3659280109048395,2.5266364408231596,0.9363870847254481,2.5529895046290974,2.792511922083847,0
0.39241596717876703,-0.5089636257074988,-2.1008913570150423,-0.3777624767191083,1.9600692567369566,-2.3033464950180393,0.06608025234772152,-0.4774924508622681,0.23375813931115474,-0.14823555038855984,0
0.6354180302092264,-1.2392583948534726,-0.5693425059986759,-6.0323495510139,-2.826121732602804,-3.435712264073227,0.9568746767639211,-5.398353526965522,-2.836801312876804,0.21043580994031208,0
-0.026521259249060063,-0.8818746512277178,-1.1004371338574699,-4.3030202458505125,-3.485125102881641,-1.317864600656459,0.19410124990729327,-3.7461914248997674,-0.8903670013093288,0.09253375018893062,0
-0.43676423723821745,-1.6065771007386793,-2.8098871481373386,-4.306855079709265,-1.7582424372294563,-0.7488502762056556,-1.0429923813946194,-1.7408205716759375,-0.48848418384114983,-1.744284108165604,0
-0.005596018829046555,0.6687416555925126,-2.852841172310275,-7.1323889247860635,-2.5316039759192446,-2.560983325857533,-0.16831975972642654,-3.5524730130776603,-2.8945308057412804,-0.45372724495690187,0
0.8584511166566653,-0.2346205699574138,-1.6766891736672374,-0.7699385764717492,-0.4155470405886725,0.6255273155405172,0.8819989185408851,-0.12305525970689572,0.8361531348497406,0.5157316276022168,1
-0.6292633936927887,1.5337277099164992,-3.22304424022209,-3.743802239489794,-1.4698653726222846,-1.5583181570337006,-2.462785910193148,-1.7904292101757184,0.17345764462737223,-2.8320259719539145,0
0.6504500925361392,-1.503080301759818,1.9303334615278864,1.9454012286915003,1.0319874334454664,-0.007688497746136669,-1.1619997680548115,1.0556198858144148,-0.26037795452623114,-0.8883175341642688,0
1.360658595838651,-1.308820399119112,0.15240692413025836,-2.6829421539041527,-1.7126295736734791,-1.9961570532276782,2.022699494564071,-3.8492508948503694,-1.035524967105886,1.3716910169328245,0
0.8691560643892732,0.8872908372667421,-2.038197216577855,-3.1627957625217338,-1.718478143210426,-1.6557729403553147,-1.4689001671966715,-0.21030103301717623,-2.283153846859726,1.574507204492116,0
1.1241127199860135,0.9475264621228578,-1.6247060878714317,-1.522493123234778,0.37653315857825076,-2.05831933844968,0.7613785617958809,-1.5723101524548198,-0.31746830980776997,0.657092338829759,0
0.7153813154412441,0.7181857257079345,-1.3954375450212857,0.5610474834534079,-0.22755925845141967,-0.4427806155361134,0.5733838736053162,-0.8486820734483005,1.764352047371855,0.6397137776314777,0
-0.12754912037753421,1.5111549302473475,-0.14972369311812428,-2.456008426086906,-1.2917920549015158,1.8416522407253584,-0.6387870041709307,0.3720377782222258,-0.9281125757091535,-1.8544382771701133,1
-0.9958153947902291,0.651136241823657,-0.7594432799792991,0.6374449513706066,1.321518758799223,1.2058726638743371,0.36887646456709233,0.874995961617051,1.3643040338481698,-1.5420257551296908,1
-0.493122822399772,1.4436320034688142,0.9680987747918905,-2.7209720461168705,-1.5800962593362367,-0.3325043299158008,2.5062636485046212,-4.735058676220544,0.5197535224762538,-1.9224520398951224,1
-0.7095798547491726,-1.2585049106753345,-1.1059657954568372,0.43859444328620484,1.835330682874709,0.22727635149797154,1.7271994039475953,0.31939400095672205,0.9177068802814805,0.10202619392819301,1
0.49822174849678513,1.1401490385212665,1.8482348751317212,-0.03169577315371186,-1.9635008605952937,0.8161637291982371,2.643222065507953,-2.0763238446875176,0.19411053488762564,1.9834122458401275,0
0.32782117284308526,0.9242701395378298,-2.360710859505735,-2.8584246690420225,-1.4075554450892267,-0.5700653659533841,1.5241038422288247,-2.327406609292939,0.44961520297387036,0.5405610045523763,1
0.975816719344709,0.9184544439424138,-1.2373967684835971,-4.277058502520856,-2.156270242446702,-1.2770076657113656,2.409439105746439,-5.8363442976064075,1.0641769857275822,-1.9796887858955574,1
-0.5358014630522978,-1.7073579575929467,-0.8846084524965178,-2.0352024961799406,-0.744140324720523,-0.603269119435224,-0.319813137672954,-0.7264688123261476,-0.8895570427986332,-0.2139704000609095,0
0.7833905092825955,-0.2515388860444957,1.1432795888630336,0.25011380669062644,-1.4715187991055834,0.22698306709129712,-1.4649928233840424,0.4191359726494304,-0.7551402525683235,0.42282662421697603,0
1.7495839042054206,1.3814540786904865,-1.1439219379342238,-3.186996230694496,-1.745793077626966,-1.7460109620636612,-1.1301680659505355,-0.8947204012145517,-2.4223808312317914,1.1344216504578957,0
0.4200944904518413,0.606850593215671,-0.30838511604903546,0.5065947138468082,0.10735518841550573,-0.0058477143467008386,1.6614112161236032,-1.784660515575363,2.0103960775519707,-0.437246378198805,1
-2.6357477390168778,0.003375506597160999,-0.30682893352969237,-2.735472061151119,-1.3448055334212472,-0.5040592504837409,2.262533715206498,-4.02033002240712,0.6729027113179347,-1.225168831455253,1
1.1173988159024608,1.4484992298929262,1.7588132943769341,0.22735502766056698,0.5095816617396576,-0.7291102680203517,0.10162868828260962,0.020198434536023,-1.6121491766782583,0.5294050395116527,0
0.6833289928110694,-0.20931381957936157,-1.7493134967953172,-3.8518711676855637,-2.7651922466890206,-0.32891062417899897,1.2986678290406384,-4.56218980737794,1.4485861129815838,-1.9251813643125568,1
0.7197579421481819,-1.2932729578711637,0.03856014607361258,2.384615611133762,1.50375520144965,-0.005200390793351328,-0.8856224432098652,3.0929800731210295,-0.6187490513353124,2.1051475665291433,1
0.02538842054241018,-1.9196731561976563,0.4193475745773072,-3.869983985881241,-3.0387906426473466,-1.151183566547358,2.6806487782236506,-8.013967342114709,2.2888703046287326,-3.7916631901851154,1
-0.42924442029866183,0.5885532697707198,2.031910582414962,1.2528287709406025,-1.5564765691366707,1.7054420308492384,-1.1507072351761538,-0.09215431965592684,1.080833489112965,-1.65615004517561,1
-0.4532484090230134,1.4524675344707454,-1.6357723983421608,0.910161563813625,-0.41813974934385745,-0.6697715766440117,-1.2146507446942347,-0.44625390806453147,2.133917270360739,-0.4923861209506295,0
-0.23401985910698136,0.4663583744463345,1.2370754145917326,2.6790766437580964,-2.551012263163219,0.9056287671789103,-1.8167820064887596,-0.0461344993337167,2.117229381587795,0.4829784136043381,1
2.0236062192296393,0.006799844559997769,1.431465809109559,2.955754951204545,-0.32448539557495687,0.05036178856295315,-0.6340712575528584,0.7913822045622749,0.7891220155710178,1.5595856108639035,1
1.8709651753717822,0.38961417737090387,0.23862936700485382,-1.6287186331173928,-0.8104728479020424,2.274161593883817,0.15664825642559577,0.8149338433458142,-0.7502693286568001,-1.1517770845745945,1
-0.8682927318763665,0.5346290861224353,-0.8694935973907713,0.5154402746133208,1.8250398399003063,1.7594111888290922,-0.00363677178395172,2.5366659963551066,0.3030923972157618,-1.0500449391852864,1
-1.085150526557798,-0.8254105299789551,-1.5128473457232898,-1.0518132928915616,1.4728140308937168,-2.096632665127032,3.684187463061855,-4.053168479640131,1.8986493734933982,-0.4778992227355115,1
0.23007075919140207,0.49774308909139425,0.9877671857079251,-3.097379506833933,1.3382154729411313,-2.770441397816984,1.9181013931089892,-2.234931657218504,-3.555700758163991,0.38151166671464964,0
0.3674816654743044,-0.3135296861723979,-1.6197245901387358,-1.1856133961333462,-0.9908511328327241,-0.5726473511530992,1.3991809060516283,-3.467628880259043,2.6408558140641043,-1.4779546273918527,1
-1.496529255090079,-0.6500239344068982,-1.388808152394947,-2.1215596235263496,-2.502388234403891,0.790346849173869,-1.078652604056599,-0.9467009248664677,0.6027849462438339,-1.135578744108342,0
-0.6947131310890582,-0.409282438113104,0.8128506283386463,0.47518300933073526,-0.4326522082228104,-0.6719444163987542,3.270354107774982,-2.1297855673659356,0.35968559439466885,2.919027952889053,0
-1.345870923473215,-0.8192578597214978,-0.7688032271136084,-2.0873122403568547,-1.550934295185888,-1.4740671543837394,1.075181592165597,-2.9025641044550987,-0.09323050902167573,0.7384225293684793,0
0.08531814256502405,-0.8082657216409264,0.38098390617571165,-0.48105775881748614,-0.14170969208425677,-0.07824446900027815,0.19217726799557833,0.40939572912912936,-1.2621194240502394,1.0498686352822324,0
-0.10325476014904739,-1.6431888111541673,-1.442831388648957,1.2342632595596499,1.7137147263373478,-1.3202929090070263,1.8768550095604812,-0.16503982939719056,0.9811253312314127,2.200830223628547,0
0.4367385517335095,0.40429475496169764,-0.23630631984255146,2.0575207918302985,0.7497726012578492,1.5453000305908668,-2.5226438497665358,3.750256086627389,0.230280579376404,-0.3898072227896572,1
-1.1894118928673278,1.6426729532559634,-1.0931643638732635,2.587724537374036,-1.981099164313207,1.8477753767422176,-1.0612916921586295,0.230475448658928,4.110962285904803,-0.18890395834081197,0
0.6955377575657775,0.849102110743144,-1.0293288676605916,-0.5887532817855411,-2.265160659058798,1.161613337756765,-2.219452506556217,0.3143474231376172,1.0347493848912563,-1.1960613064424388,0
-1.4511756900515589,-0.01208894784605456,1.6251062766297073,3.0645513539252303,-0.50977990024281,1.3022632925934512,-4.387722472730654,3.1950351959016023,0.3922895126132067,-1.4186971028573672,1
-0.5240883979345925,0.152354872033722,-1.9626657291555691,-2.643592989133748,1.3557188955566175,-3.3546175319472598,1.1920643120622767,-2.017546199128495,-1.5255485081560225,0.7316421069895868,0
-1.5223591862178911,1.1126883749899252,-0.8805601414198063,-1.7305303753214987,-0.9910456463010027,-1.5459216888351817,-2.37460245312901,-0.8708628523559261,-0.6860124283455971,-1.457959123222209,0
2.4267164863455224,0.43295982536069616,-1.8867121418089767,1.16058780646906,1.5327663883681073,0.5325312004435425,1.3592897052955302,2.0600827160281048,0.5715899291479792,2.4715998717729235,1
-3.0195121558208253,0.18384954475369486,0.15288793823837554,-1.3795914484693041,-0.7661225182679997,-1.9018586762152947,2.4714688229668065,-3.184322737544,-0.47145677469619374,1.9194793386445854,0
0.30381859560487573,0.7215625051261435,-0.9984678796959374,0.2003474319566687,1.7952625107797646,0.8960962252357002,1.2878900730952618,1.6481159574074216,-0.06357541713442605,0.5530162337880828,1
1.1243533598705027,-0.3340772309799405,1.6063473651110518,0.9057053622987322,1.0980552168891313,-1.0317843184855062,-1.7886988013734308,0.735909081834608,-1.2031198239890637,-1.154840066639666,0
-0.1314725956716678,0.8260471714415063,0.7206781641638962,-0.49862560345721646,1.1498686664953328,-1.8762691750819114,-0.4290116989408597,0.05183978019028458,-2.138146531933776,0.4090672122025274,0
-0.3540407109410238,-0.573601772896901,-0.6247775503978479,-1.3970469909591696,-0.7363723098941695,-1.6841375074437002,2.8560115668237183,-3.0603745418586463,0.013492235090734273,2.292744223665322,0
-1.6076610271180587,0.18474057889572446,0.24146312117167723,1.6376964154288467,-1.2996022085068473,1.4329479449776001,-0.4197644270755375,0.9301934494251054,1.2414036450260677,1.0882304344905365,1
1.0391117874202687,-0.07576428653545988,-0.9266051351769212,0.15996907889863168,-0.04747272125321933,-0.7120908713626118,1.8353139822194509,-1.2147079991184004,0.8993216224946408,1.8141925537960142,0
-1.0917008761393143,-0.387099702474401,0.22057101370091248,-2.309356615380117,0.43286358070445896,-0.9920561223072341,1.600443438456373,-0.7933726519316027,-2.486454689638414,1.1135625311496544,0
-2.438817158276429,-0.13427916218630415,0.9219350511154287,-3.856307205466168,-3.3824075624203536,-1.8779493990336924,2.52348562441892,-5.095343922257239,-1.7297282890509893,1.9680904910246502,0
-0.22320225463480511,1.4898634386020821,0.47811612688235283,0.24490703997114616,0.715077715476534,-1.632400225632523,2.2316025512320836,-1.702400820368672,-0.23837845954579184,1.8568616194175727,0
-1.0872459388628026,-1.0858251288851855,-0.8859145255259898,-2.0783920685346944,-1.2411612301260242,-1.028213485156247,-1.9799989034159236,-1.3209441083529947,-0.25991734222820406,-2.099041700576101,0
0.6793732829565033,-1.148794035158656,-1.9134797101724341,-1.6327881077184454,-2.385437975545951,0.4799996549458545,-2.9749822582646415,-0.4272005458436934,1.2099436918407795,-2.502043958885861,0
0.6157711497711416,1.2038844371688162,-0.5179833428124694,-0.8368257039305648,-1.96669217380004,-0.322509544752312,0.4308577554568841,-2.1784571116450473,1.075313020391249,0.25383532507227025,0
-0.31984752325484395,0.15175799224874037,0.4650592501620367,-2.427002435487216,-0.7224864397445818,0.5926114310444248,1.1718910270918175,-0.8759523581184219,-1.5066810183267154,-0.2921243073708495,1
0.16476084123651674,0.05088770185601806,-0.7756073826047356,0.3220338388264495,1.6989102579710942,-2.319077116510006,3.464541524788748,-1.8210690300428263,0.1368268538361156,3.018278204163087,0
0.014273067836434106,-0.9539394193966448,-0.7697042008097683,5.127733891465647,-1.1807498968968,-0.07916000962185521,-1.8149247914436017,2.4700379558433356,2.513169782535334,4.5799525758946205,1
0.0005279588565972928,0.6012067489291149,-0.9881357426825199,0.1783894338420399,-1.0704186996057206,0.11619116118495754,0.22344450441958363,-0.9310085759912089,1.606425942419464,0.29455059645961346,0
-1.2391070756539009,-1.46752526575244,0.9056487019738633,0.03659729715284118,-0.5990337026669804,-0.43626647506985855,1.5044140600697085,-1.6911014523130192,0.17011649630188863,0.9357821588454988,0
-0.9218598131253132,-1.0039573720814985,0.0516255075938975,-1.031452858573824,0.8870179657213824,-0.28641458928965846,1.3439913954967866,-0.6742578508944007,-0.6466151205708801,-0.32759858614909526,0
-0.22979963057519381,-0.8514064342603136,-1.226656262673396,-1.0534703793225395,-0.9234479976899005,0.8031504897468137,0.27498555668008273,-0.9080731391961598,1.3051367409537407,-1.1488131478533428,1
1.2119439853864005,0.26125053123385605,-1.1066802630364276,-2.853170037362442,-1.788822891669593,-0.07465691313841394,-0.646380445662541,-1.806218479894404,-0.0014006801657373558,-1.8369658539102176,0
-0.8987840483231282,-1.3303136257389898,1.2028241546331253,-1.8074919398157057,-1.899643312325453,0.850864615096446,-1.5566942091481217,-0.3141068173682302,-1.3213190763749243,-1.7220550531359156,1
-0.6414869090443096,0.487872284871074,1.451820741575954,-0.5993880614244007,1.699941301016237,0.9920780688002714,1.92025127400097,0.3719270940714451,-1.3143894607161732,-0.8222840384883094,1
-0.6581164890752567,-0.30372602877666466,1.2472655760439262,-2.1498882596966165,-2.134595887766661,-0.02728792081631015,3.0968215490124056,-3.075147197407425,-0.9895680161350531,1.9220791408550906,0
-0.18039168176240783,1.3728484746765302,4.184905340398417,6.969885897574598,0.8291880665117135,-0.3116993679997646,-0.7016319852347045,0.8251875204123799,2.1331493705813633,1.5364505525456713,1
-1.5537587660160643,0.8178896580250287,-0.569733896430184,0.3572988701629682,1.133738499126186,-0.32848081157256853,-0.05014013471732204,0.6371517673048442,0.059026381322185184,-0.09862051452427412,0
1.188913371474643,0.7083038472010638,-0.7229655721978943,-0.4209655349682811,0.07079823939802399,-2.1449576958495475,2.208732858580819,-2.5635992305592206,0.39723558782310586,1.9821030626335623,1
0.6663125009092119,0.4625912928539512,-0.892546893115508,-1.8121862052237052,-0.16308005993894592,-1.1628617646146178,-1.4138391199608624,-0.3460929420630383,-1.07877585382621,-1.0776433624142259,0
0.34378788154988543,-0.04865235157045115,-0.6718187587290049,-1.7893193446140203,-1.6781583805223965,-0.47242598135973696,-0.3831410217041265,-0.009240872655711281,-1.674215420704762,1.9853662576990982,0
0.10589445311523424,0.5844129804724842,1.445879207376739,2.46703516845326,-4.038376948007264,1.8230634525617115,-1.856021499761145,-0.9188937934197351,3.1162927591220946,-0.1989987617038924,1
-0.1891203907770335,0.9216501119244593,2.3459008631153058,-2.671748463400192,-2.14657951310004,0.8763703737874408,1.148501507849305,-2.9354637426868746,-1.0197045500259039,-1.9896826273827906,1
-0.16306696394376388,-0.7449026448064491,0.5794487194877846,-1.955560534744802,-3.004792449572834,0.5147063904203324,1.278880040075425,-2.6208164013494026,-0.011420129868758844,0.6423682767990767,0
1.0729780477660118,2.3638724946193608,-2.296496857476005,-5.0092940914523565,-2.695137404993705,0.43098593110702416,0.6068013025349424,-2.487958851843795,-0.4289196477138639,-1.2224780804281177,1
0.7250957868479971,0.5161782871149584,0.06644404698425155,0.9080737330558826,-2.2361482709732883,1.1876250575993366,0.10893162309868487,-0.9913302920155075,2.167391472501697,0.335078724222465,0
1.5805406865683735,-1.0150941918278686,-1.0855538817389658,-1.8307205269999451,-0.791935628965619,-1.7140891607048494,0.3347324256290466,-2.1502542994574854,-0.22234588979271752,0.23463685322511008,0
-2.5623336587953105,-0.19102776260016902,-1.3417310697848037,-3.1950614229488705,-4.367558410900904,-0.15948485694754533,-2.6381279117719947,-2.8548065020571487,0.9128305982206848,-2.517398290247595,0
-0.47622087354465903,0.8743891807127275,0.5442582198203065,-2.0139427586111234,-1.3155437392174618,-1.4734101630290009,2.4676216191578186,-3.206959607701161,-1.0373876752269675,1.8411197313586565,0
0.5935567222808619,-2.9403886346642802,-1.1356732188929055,-0.40408003816674837,-1.0054246682488885,-1.2881060728604043,0.18700975154645672,-2.304403689267402,1.5198024021400753,-0.09497277659276981,0
-0.35976864578908574,-1.3260476860820383,1.1001404153186316,0.46824763847250656,-1.909979559258665,1.1846408380017663,-2.183431574407086,0.2709974088227778,0.5230421259520106,-1.4812162633033414,0
1.9764405845154855,-1.5642416117110514,-0.46272786087306494,5.56376303862001,-1.6709440536056297,0.3250758437451945,-2.7586562215345207,2.6134172885757625,3.0195672408825702,3.736028497212925,1
0.2942241290134937,-0.234407800316322,-0.814522208188845,-2.7658591685403473,-2.14273278540676,-1.6683288390590683,-1.7698675994871271,-0.6492676721176887,-2.3925379710051153,1.1955919654565397,0
-1.4438548161335418,-2.296180953137238,0.8276261460522325,-0.07636072509193056,-0.3008507856439785,0.47843938188328194,2.383666050536468,-0.694087854060259,-0.3529594245596994,1.8982975758236045,0
1.7388996637975789,0.9788580507817954,-0.09356071208730787,-1.1567276638369062,0.4806150080004381,-0.8805634810051497,-1.695399588419491,-0.9238729922685838,-0.03222615141022689,-3.4794369263336105,0
-0.46440426230938764,0.4620608932518965,-1.2938233667556993,-4.124908180384723,-1.8617497715460816,-3.322095363483186,-1.5357248890501403,-1.7357881510699695,-3.4295760648532347,1.4487497366288304,0
-0.649373038321426,1.321304032273012,-0.11931892364146957,1.1305934280617098,-2.038781680684532,0.5437588262991622,-1.422825168620658,0.6945368710407187,0.7239996960359183,1.5288132439018223,1
0.570612997219531,0.9681846605328611,0.034341775718853995,1.3412183666862574,-0.49328322772044936,2.1633369178037856,-0.5064231762681535,1.8061499850910916,1.0494267540170616,0.04382081436610441,1
-2.211861911329507,1.5334337012963255,-1.1161994100107013,-0.9715966263389753,-4.753176428482309,1.529917000824812,-0.8142583620555475,-1.2764747495757833,1.715262288714567,1.1526650500207505,1
-0.7217375533372533,0.17682087213939798,-0.30107794921352676,-2.52635831529125,0.620579756017501,-2.830397894551637,-0.051969073502850516,-1.6779469829689315,-2.3337092237955375,-0.17548571918513933,0
1.804348109786743,-0.19090379172729868,1.811356786730477,3.068507287892302,-1.53576536648261,0.5861899338637472,-0.6562604702725199,-0.14026016005836064,1.7435305937814127,1.06287771252037,1
1.9956674897839644,3.109918556005361,-1.7081002249922945,-4.308147414315169,-2.877809573220322,-1.9698285806054598,-2.4735046993624943,-1.747306184445212,-2.1050632293303,-0.4122279376043136,0
-0.33130838318332273,-0.6122367345077503,-1.107700308259975,-0.5710001836834228,-1.1068072357295553,2.699384098820303,-1.2827347331422667,2.3343866664265067,0.2559189142225592,-0.6567974385398099,1
-0.13944627568099954,-0.4501892648514116,-1.2668119219778136,1.9272556063676938,1.135123897443153,-0.007456495574894251,0.09623357626380546,0.909838425287623,1.817050167021893,0.5313390015861313,0
2.0243096232868525,-1.3631740045928105,1.4939132744088215,-1.7170579220504576,1.0244990607644626,1.0697347434239768,2.1093502709774583,-0.5572134882403564,-1.4702962770424517,-1.4741430795101824,1
-1.7785875840065168,0.31965182591897723,1.2125197392252396,0.616945740820823,0.9508018030700243,0.7498520188876348,0.7451268652261585,0.9323823207453414,-0.7148400627163161,0.18651985381877711,1
-0.7837656655863965,-0.6905410523162594,0.011198487736556961,-0.6440810385924932,-0.6247991299419022,0.46125078909608375,-1.3169575110165086,-0.6611451475039568,0.7801656192804429,-2.786564040461556,0
-0.3206676255571917,1.7952113559123222,-2.0889887608392073,-4.002340175744545,-2.005927531636303,-1.7109132819888178,-1.8906425158088438,-1.70666443698559,-1.3777866671491679,-1.0499876939717552,0
0.6835693232004776,-1.3659557112005343,1.5586799746588953,1.8599852733142082,1.4105466780838591,1.1363386207015913,0.1853140588233828,0.6035445505534648,1.021965164785195,-1.9250274768461657,0
-1.5859833122379583,-1.879924385139045,-1.1865455639645277,-2.2010555483928633,-1.3496516816922843,1.6667983928387535,-0.1932876873772965,-0.17653289534816288,0.3087661899101217,-1.652232039643106,1
-0.375196380323937,-0.31771509675623405,-0.829678037756983,-1.8274312933577022,-1.3564671113533084,-0.974956086419173,0.6891506714355556,-2.2752792514703097,0.09355310377493031,0.255685052176326,0
-0.3871306497895146,-0.04541121793223822,-1.042273086803533,-0.6940641435996712,0.709050965530708,0.8430826230252929,1.1880171909977255,0.5739985914390191,0.066036715286512,0.11595774392048153,1
0.1600182258527877,0.501782736167545,-1.5517418004977421,-3.151288600378867,-1.513583369586342,-0.4685096348138917,-0.03951039487902486,-1.9803243934623764,-0.19798311295652904,-1.1707033796093151,0
-0.835142901630023,2.0895387216947734,-3.4536545721156333,2.1422620034810302,0.037466862016389046,1.488312271047261,-1.2346601344985153,4.24980000586809,1.4896070317991696,3.313502022328831,1
0.20965941527462578,-0.49163618563204736,0.6266220123430597,-5.364448213679168,-3.5196365233038884,-1.303630869882436,0.8109580882351917,-3.89220609388548,-3.0632931212819985,0.39259574245105994,0
-2.6042138566271342,0.19894814679649453,1.347392316946718,1.998396313684494,0.7080671193344426,1.0250558348686312,-1.6578982324506084,2.39385349053402,-0.2576695136879783,-0.5235938523735233,1
0.655900776529761,0.19473619471877485,-2.169946483604056,-1.5699175369534568,-1.8060477362060259,-1.1116829039552862,-0.9657143944644364,-2.0669661400162864,1.353929864761097,-0.759163701767317,0
1.484116028535965,0.35561334878566,0.3281285234812989,1.4786797758444987,-0.882320761540397,0.3741894512682733,0.17548114884226174,0.38495639513956825,0.652451745970861,1.9562863236667227,1
-0.6751782749743815,-0.14451867071551783,-0.6282368245829908,-4.048571641278818,-4.434307511872187,-0.9167649010765508,-0.00032228588345684095,-4.20106926978193,-0.37573473285547654,-0.04703418017675398,0
-0.47883745600840416,-0.8627757640431206,-1.5524212423767665,-3.9047467581171107,-1.8391025329217456,-2.7177207267550525,-3.454125784614778,-1.4752823531285064,-2.2311043983409045,-1.608920426057069,0
-1.7258067287905967,-0.6775646523356551,-4.515460090416193,-5.22536399048339,-3.396508866714541,-0.3508066696384239,-2.051040610227388,-2.0724482408062697,0.5709991016808775,-2.1340577357856754,0
-0.8953463223630241,-0.4081008391602206,-0.6374048681335461,-2.4021772027469193,-0.07729061215927913,-0.06999658642036244,2.0203067287700933,-2.9197185814662094,0.7772912391208479,-2.1740680920903523,1
-1.5311075025557221,0.5142547560178349,0.716626436575692,-0.6050389911772478,0.801610065729947,-0.882483711029695,-0.9160165917704657,-1.1286466789938243,-0.10766708713664752,-3.028936847337979,0
1.9925153531681183,-0.7666565877833479,-2.3180750342189134,-3.37391016932875,-3.524018297494816,0.33499558553213815,0.16915679294817088,-3.2849446906291244,1.651219484047505,-1.256389606833368,1
-1.5981243518837476,0.46217266608194285,0.5202709805033441,1.8773436761380025,-0.07442807497114867,-0.037000141152528476,-1.1769185503110824,1.7280469356649903,-0.27920143671087483,1.724378294697534,1
-0.580053241370043,0.23940450053537707,-0.40019776439936183,-1.4596035915994816,-1.39915489674576,-1.0086881608806644,-3.242755507071047,0.27635303771231834,-1.3819160369427912,-1.0242539801310238,1
0.9531250453760867,0.513085420097293,-0.07858529693757466,-1.4438588505729928,-1.5098962629492099,-1.557381061173158,1.5829383154814578,-3.3425302628150932,0.19079686228741566,0.9974787385154986,0
-0.21701705042437042,-0.3084827884558197,0.9427921143226994,-1.808650715632004,0.5461019295970435,-1.2423467288531194,3.801225746690519,-5.626553744957847,1.5792346720350072,-2.921376473728775,1
0.8389405004696122,-0.6172531865469232,-0.2050885739940812,-2.4390619102355005,1.2777569667924011,-1.8373184579575412,0.4874763339591772,-1.9917468680562258,-1.1964591044465673,-2.2410510414855676,0
0.8294748419317485,-0.19382613877280352,-1.3106972924694547,-4.3783947420011025,-3.9091124365990986,-1.463022679863279,-0.5408214592989296,-4.126309813560745,-0.39843903250581136,-0.7077150894034236,0
-1.423957152450145,-0.2666523292344148,0.9286197260043821,2.844342483946554,-1.2877740177560721,0.7147391710372806,-0.809520799637912,0.47620451057760904,1.7624671727965269,1.2151334854567981,1
-0.6058608207588934,1.7193779062072967,-0.6860205615386537,-1.0998117174533828,-0.5273076992533019,1.2504858404441643,0.1729880707967758,-0.11359128306730715,0.5435567951184891,-1.2993540472762857,1
-0.5505368494915835,-1.2207124259141586,-0.6785093737028739,-2.266328776448324,-0.6551581835673965,-1.5265546889970611,0.683602181134528,-2.3036983537425773,-0.6434517671596991,-0.12012610110330879,0
-0.6757080791616118,0.0341524174880246,-1.5947796678884218,-2.6658606340293773,-3.5964342144900225,0.8354784374571249,-2.226427317221821,-0.8837718044211973,0.36435736896728343,-1.294742924278509,0
-0.7924199209999613,-0.3079615296390403,-1.5306148787422758,-0.26710098999565396,0.49767187203788743,-2.571439792158565,1.0988341112100288,-1.9461801914321033,0.5587622324816642,1.4812500545043452,0
0.8187776437548606,1.5379319184125528,-1.0150689349266895,-3.7233352061937337,0.36912055350729633,-3.3971730361920374,-0.5442727520522902,-2.5433321038938965,-2.2984589493701253,-1.3395210294821678,0
-1.252393444413119,0.3636318826249679,0.1947002522675103,2.6727113609464683,-1.8310377564539995,1.310725915027841,-2.786428435136939,1.9978028616593553,1.5412443485297778,0.704792387336793,1
1.4196030045136372,-0.6004235657387051,1.1423563562833001,3.6931428234630097,-0.32920293481241353,0.08472286235574988,-1.0300357431115483,1.3364143167677305,1.2000595867655872,2.029734567704047,1
0.4183982208886837,1.4015985929464294,-0.06348281243464482,-2.660382854826871,1.9740682307109336,-2.180971925113421,1.2823636359576114,-1.2841842379675854,-2.5867034739709696,-0.6248976969572904,0
-1.5178737466808094,-0.3570292008066094,-0.36776347639057944,-1.787943690142727,-1.720812795442704,0.7161921146784138,0.2740389806191996,-0.1939587818387069,-0.9328907913722668,0.9500794342659744,0
0.4384757388097273,0.019616657693989903,0.20041864120201258,-2.397564810134981,-1.0258410793713424,-2.1987300047266434,2.170650450876122,-3.511982163464036,-1.2329473876656072,1.4984590103918256,0
-0.413465161123276,0.26028050658288615,-1.529812319123117,-3.1695162847125866,-1.9833016914827137,-0.4831045187395091,-1.3188835251387308,-1.5335480195493882,-0.42007434149186385,-1.5653741194749455,0
0.6592456684324051,0.9375701376265584,-1.2477446740897389,-0.9254530936085446,-0.8898133617720098,-0.9587000102161873,-0.14107493500307744,-1.4524651644170403,0.6770124257093565,-0.029203521820758915,0
0.49968511030293383,0.4720022709192744,0.03550039927930937,-0.9471694065687526,0.9609197781138406,-0.3799924955897254,0.5166685428608115,-0.5413570391235958,-0.5061540249034192,-1.2015663927130809,0
0.42588720619303577,0.01914777741575206,0.055500820708003884,1.6762370405216016,-1.9005506748560748,1.4447977375513958,-1.220106185205539,0.8155523021589368,1.643634592782655,0.6596811416566831,1
0.5345056484805503,0.8876554258738361,-1.152877263621934,-1.6779287208897413,-0.9761440720831146,-0.2830333867906303,-0.4540855390559113,0.05052264160982123,-0.952742825784425,0.7652194560748884,0
-0.02355215087423812,-0.17435425790283585,-2.493772508853956,-3.623016084667135,-1.5114636620849504,0.27666528385508626,0.5686065897327952,-2.059632632519373,0.594848835244481,-1.6499034132904684,0
0.26256132900192497,0.19358991136754436,0.1906019615824821,-1.0891305385494454,-2.7262679954099593,-0.01295343716067654,0.6070087516689748,-2.4501627394908843,0.6574290117887174,0.6125265017694109,0
-0.9254246260595873,0.2553837556743171,-1.8778648992299467,-0.9663563982257033,1.029346626119095,0.14127589089086634,1.6122203862277176,0.46192799718053246,-0.07866606528144715,1.0219086867366622,1
0.08589300629333041,-2.219300372747535,-2.9475978449657445,-0.5177061233802528,0.18135161797828392,-0.021497042005396594,1.016105106153265,-0.34177809527437325,1.7569999112360677,0.558233857702277,1
-0.5041798310076715,-0.08152267310164589,4.423696890131935,5.560104285003575,-4.125565519971455,0.283593066001687,-1.8893873940609354,-2.439876872334253,3.8684306059265294,0.6081959010512663,1
-1.2565068942792563,0.8132051867479773,0.16456765457611633,-2.6519561671785543,-1.213545570364055,-0.6048407731450509,2.696239342238093,-3.8860660084160936,0.07676431925453975,-0.4518950619343124,1
0.5646059258936003,-1.0196643386921156,-0.6051336246853608,-1.0543199561029761,-2.2799424727039113,0.3371306575591322,-2.2308887909619375,0.17167117800690793,-0.19422707476581236,-0.37103497725666595,0
0.1018562952619867,1.5490201514951873,-2.083444528283249,1.2827422091239298,-0.09692792878835654,-0.5916652015478214,-0.12189460245790817,-0.5644142008318973,2.6943044253641126,0.3792087510323313,0
-0.08343796979036086,-1.44964521969853,0.1603957638706558,-0.8905377525646377,0.4364405079951461,-0.9517784335087431,-1.128441540833433,-0.30795236767852724,-0.8770970918637931,-1.526118811420107,0
0.6820520657126199,1.4872461553359273,-0.1670847836902749,-1.1396354839465535,-0.23653477361291753,-2.7883240745962152,-2.7449509953596043,-0.5945576977912542,-1.725054875917287,-0.6609217111361391,0
0.6067230591361827,-0.18319661872038787,-2.893314226801844,-5.2471850531288435,-2.146291080725539,-1.57044035573769,-0.3972362873927397,-2.009027315658661,-1.9082870409575035,0.18046568288970766,0
0.7441919714999368,-0.181224173218103,1.602437868731548,-0.9901859173579254,1.027759562799714,1.2063483921910239,0.8344510297235259,0.4472005270589031,-1.4744878493899025,-1.675669410424444,1
-1.6009039784765156,-0.828497024780246,-2.38001665158073,-1.4863586886483653,-0.6300843038104796,-1.537664082878846,-0.8736351425778235,-1.6417230384643424,1.0293998072020152,-0.994173060686901,0
0.08865759096143744,0.1973157074055956,-0.844333359344477,-1.5285059066226385,-0.4051047177223732,-2.177444000226256,1.5562094675200209,-2.7197734994608824,-0.21974813367343882,1.2427947761814004,0
0.6934789119139937,-0.3920126399191296,-0.7692556690627402,-1.6563123902999999,-0.38878496522894734,-0.2746108856579018,-0.6545944255304207,-0.4901439391590452,-0.44199717539140215,-1.1735599856092347,0
-0.9006207346478687,0.638391925608383,-1.691920866764772,0.32735367724480496,-0.15832183913354536,-1.308173230755707,1.7686263172671182,-1.607706507135181,1.5035083439004593,2.2002602635308555,0
-1.2601647651725802,-0.6163614080394775,-0.5146574570986063,-0.0034979789018571,0.19355792913768222,-1.2087509940675982,1.9419004168773097,-1.7485676071049543,0.6339002409565088,1.4626564809941804,0
0.8071225966373103,-0.9735461997044687,-1.2186604216631718,-1.8501811414069287,-1.840141827818228,-1.5384722985522368,0.4737444614233924,-2.840873168624604,0.43146219502798805,0.5872659551989274,0
-0.5081401976473109,-0.14778031881747153,-0.2587372533086201,0.9165879731747427,1.4218814149195078,-2.2669067220302246,2.864530981173278,-1.6756907577377387,0.2760385594072443,2.89604420601227,0
0.4577728661518858,1.6744924333475373,-0.4328563841624563,-1.9323916820473757,-0.955797565548181,-0.6681756943310121,-1.0263534506983296,-0.6870013136346931,-1.0546093966020225,-0.7103274629627472,0
2.412615421612916,0.7846042878980238,0.9193995455624075,2.053608731496867,0.06649312862773393,-0.13633403197325622,3.069918723296701,-1.352027960996428,1.4210968645702817,2.8232477715931905,0
0.17521141890851205,2.98525900260341,0.5921026130855642,-0.8699389594462568,0.37633466134680815,0.4350728429903931,2.128655792844598,-1.4942810117474534,0.18471229518135623,-0.7887481728964058,1
-0.2789629303318085,-0.2797601684958344,-1.396079305189782,1.8446153719496818,0.5904918707237385,4.060627317831023,-2.2104645007167703,7.264492664020987,-0.8258281370198646,1.97829282040353,1
1.617212574968624,0.10435593752321293,0.5801674760499397,3.2484860126390553,-2.4920430582847466,0.2721409759002682,-0.7091447622853476,-0.2536611272537961,2.4334884437483018,2.690703480819158,1
-0.8108575112103382,-1.2575778589146163,2.40407159589914,-3.2383814795707866,-2.8273707364119556,1.4674912844253138,-0.14949075849231908,-2.4487245131767774,-1.3141899799084038,-3.0838756375810163,1
-1.0138959522925377,0.08568716140335904,-1.141747882928866,0.11580378811456599,2.3965239402590335,1.2214739299085013,0.585372089204246,1.5064563227611063,0.74324290120757,-1.957956762230565,1
-0.9637589262106109,-0.9571509148950429,1.4025193742972324,-0.2942951545069961,1.4435330169327802,-1.856051292855435,0.16867271077924884,-0.4839351528123181,-2.0004299439021693,0.012926179487859568,0
-0.971656734541286,-1.3796181647889305,-0.9099869630041119,-1.69599346109093,-2.3819101768703246,0.06721940384940606,-0.2981499472346252,-1.5910354688024062,0.4750745484092723,-0.06741722405081108,0
0.007063158628176452,-0.6603211394734471,-2.1106327798808877,-2.931552723106525,-1.0617390460196452,-1.0898431302066558,-1.3347902734456327,-0.925074409026746,-0.7134991559925811,-0.9983051168658761,0
0.6222071440434019,-1.1388331177807691,-1.1363905799685705,0.2692033763123308,1.215712068161434,-2.27376587521334,1.9846828951396567,-1.602900447815051,0.5078490647540304,1.931290583114066,0
0.5488838353173644,-0.25495579355369785,-0.09460352251940074,-2.1839074829577547,-4.6854360518429,2.4393959237079565,-1.2253291045434935,-1.6160390895818895,1.2067432564943867,-1.707625897561772,1
0.4822489526806572,-1.2376624223272978,0.1515898685146514,-0.8377338915380023,-1.4072994458644799,0.26075563178680294,-0.5146941845664958,-0.8389420949191838,0.10362271764975395,-0.6332078362040577,0
-1.1165244399486591,1.2358116200069387,2.345909854768604,3.714905580949195,1.2096810731299985,1.412044087400537,-0.22954597201693205,2.384542165439224,0.4687158937467699,0.6395267363920607,0
-1.111457956937032,0.24650477843200488,-1.1026980505369282,-4.653021636829736,-3.2535060438513437,-2.956875554379369,-0.3761449826088108,-4.909067927236233,-1.0947568169107382,-0.5382551874209642,0
1.0213832954293984,2.088442772869925,-0.2366319623103923,1.2306664060884507,1.499652795628054,1.8964782541767085,0.22519150788880804,2.771821264073928,0.16873551137171883,0.07830339856714941,1
1.0473177066214483,1.1695899924277735,-2.1543615192823715,-3.8796872252104184,-0.6301987798746901,-1.391422618439533,-0.9965805293149226,-1.5424348434529693,-1.088588093064073,-1.9280917067942867,0
0.07595526791608741,0.7426824183597224,0.2619264553167271,-0.8058346028924039,0.45721771347357,-1.5622921686489764,-1.6746433935076448,-0.15297597672392088,-1.3701815517201934,-1.1672427884219188,0
-1.2922626951056186,0.6897078052451944,-4.949885914406054,-5.929841144180843,-3.5481047955179914,-0.46704289018599693,-2.3320944256537928,-2.0819594690265,0.2579205894907437,-2.350827459766432,0
-0.684629825760004,0.7906255991627686,1.45436222690741,4.676054257541041,-0.002747045833369932,1.179892869352879,-2.691633757098329,2.9046935905058837,1.664258592332236,0.4004274895363409,1
-1.1225448062444139,-0.9175028210142636,0.023710715091798784,-1.0339819122428417,-1.5925507042602338,0.3627986860241299,-0.6700048836141654,-0.1144930360375943,-0.633753137223226,0.31904162307795336,0
-0.6176518954343502,-0.31607285602704976,-0.38613520892065767,2.0677458945704945,1.413826272762096,-1.416760576089195,2.3822295901652133,-0.93888982713866,1.4175857943863566,2.492126456883835,0
0.8113965544915921,-1.1482632887526183,0.7883119565058159,0.12820115322461395,-1.6476800095260913,0.2885636742049802,-1.1236729061721387,-0.0745479518789231,-0.18421556356213986,0.2672669519631712,0
-0.31305803052315434,-0.0007085945766459172,1.5316431399113504,3.8047802185612434,3.453264609707303,0.40461152670486955,0.8407290991508563,2.8168230413147755,0.0459972795413125,1.105364694734036,1
1.0599363840466218,0.6170059495766975,-2.939848752589185,-4.315091914230005,-2.4278243284953547,-1.0024584746496845,-0.886040756985369,-2.484104791722023,-0.04358661470284997,-1.3596165610733981,0
0.47363207681145447,-0.9263811299815384,-1.396452306898794,-1.4984876143388772,-0.7080475010579189,0.7601378068219762,0.9246400010607978,-0.4175446736624296,0.3574750769990086,0.12190563698615942,1
-0.5975101946916416,1.4223698616985077,0.3504616028084233,-1.0008112078228781,-0.510923678804413,0.2987575482575042,0.4962560609458464,-0.9293483366631794,-0.15396980303368257,-0.7525908039773985,1
0.04091917539572113,-1.0021874557814727,-1.1415526627883812,0.021857191597243617,-2.6661244471958314,1.0449672449482215,-1.4464667946175493,-0.7900272745143906,2.3477077168019074,-0.9119091859405803,0
0.00020706491819709385,-0.009300321138614417,0.00027537815276401645,0.5019448349707245,0.7946630240560648,-1.920294660499258,4.962288902413469,-2.8019804444586636,0.4017077671687204,4.303763972612291,0
-1.9701038177118355,0.8925973382993092,-0.8596828223164694,-5.447380900331467,-1.53922491257432,2.8085660439982822,0.993036475065755,-0.4812384576816657,-1.8069418163630464,-2.826509929592798,1
1.2816437950037687,0.5576910607251245,1.097877004085216,-1.365177081316819,-0.4452632380782151,-1.657252037774342,2.8318395269886416,-2.893809427363248,-1.2775607676488072,2.038157253552525,0
-1.3510743662080213,-1.3224579567435701,0.47447535566443255,-0.6231294659056588,-0.4622908046696365,-0.43578357563782255,2.558838003787424,-2.685838671601573,0.6676393754803239,0.4836634588938167,1
-2.1533429198712444,1.0971527117536957,1.2047119283587564,3.1691104243469415,2.3349507616390746,1.4558648140435004,-1.238754873642327,0.9667894756568748,2.9208268772413017,-4.68450932460526,0
-0.01926037973439464,-0.2628908292082677,1.2759236508420215,-2.687054987299364,-2.596263633887917,-0.891962819013494,2.386022401309034,-3.715558205476188,-1.397230878718778,1.7025890837026116,0
0.5720574417141441,-0.062191016999311004,1.7248130891494344,1.5095790535136762,2.8163265032491482,-0.30426253457387215,0.646803991760108,0.567531661310391,-0.3563796777842819,-1.360147888434577,1
0.5514762752395233,0.3405892164004968,1.1622394151117368,-0.5492050917573155,1.140130108245113,-1.6192241936295773,-1.2584085314188989,-0.9688251494303248,-0.9708980796521435,-2.664570918303244,0
0.49201884799279927,-0.5260348426675804,1.586466089710614,-0.816950865137437,-1.1866331539774946,-1.6818461146939012,-1.0392767844057298,-0.27791730256220415,-2.886262097912705,1.9590162816144578,0
-1.0293715081820716,-1.3526702858435344,0.9218536669246031,0.7513900936171132,1.3023206767871345,-0.7378120562753885,-0.33997294948016604,0.0934027846095153,-0.32868566798095955,-0.8916696623164272,0
-1.8936146669537857,0.21329370737293857,0.5486466561559527,-0.8165455572709857,0.3665381961597187,-2.169511481189571,2.8409086690569616,-2.7341338912396815,-0.8214946497986642,2.0631512769424174,0
0.26536234939962844,-0.5827586576115821,-0.3268915026090442,0.10914898376101345,-0.6452454878531819,-0.36140591205242284,0.614077381726437,-1.1539464599539944,0.8879585387316865,0.5428411756269603,0
-0.22939074406802776,-0.04347694981386243,0.5073235115571209,-1.449124388734702,1.4214988510869524,-1.4918772664490014,-0.133037084541907,-0.8921836252076325,-1.5115028085825108,-1.8345938739360728,0
-0.7632861041785816,0.03793783544760203,-1.9090776997622827,1.2146681880310488,-0.17957567220590032,2.878853636063753,-1.4297144878978167,3.989905622764821,1.023402738995644,0.6518010644582957,1
-1.8461878622380938,-0.92951086019241,0.33848648437870965,-1.0061684656479888,0.041543775954383744,-0.6594824858646496,-0.6054994618599744,-0.41310952092020975,-1.0067297657532575,-0.873863489602528,0
-0.8224199323822006,1.1210306673244714,-1.7849477347335156,0.88437665874633,-0.20099567604183965,0.05620371918610345,-1.0982155032358836,0.2178371934872284,2.1430894392151956,-0.6705333546784875,0
-0.15589817793666752,-0.5482872964906009,1.7276956017232117,2.3730124855978807,0.2736109714392094,1.486925855880749,-1.8022424716228165,1.376359237044262,1.1648997289746013,-2.226221162514385,0
0.03279699541158651,-0.7584953347000695,-0.16757319137151006,-1.833132449654044,0.6031480133853959,-1.1119833029396116,1.1087090966852686,-0.3335541480506289,-2.1914321486330595,1.2238437466938137,0
0.6728612359668199,0.591814133741378,-2.630492718894047,-1.5274913574623097,-0.8039592955589596,-1.9883641533168672,0.7616229561563725,-2.333878169843849,0.976483929836923,1.072277303076905,0
-1.2995812369275976,0.8297324178791745,1.3402149594097275,1.6886209163566082,2.760549236343201,0.6367450461994282,0.8588924334048993,0.01720975698817924,1.3416208957170477,-3.1217379321173366,0
1.673452090298537,1.340461051790348,-1.1822784430985143,-2.499329840638053,-1.5305337574897955,-0.9559925344988757,-1.3957437633356888,-1.1676491766423502,-0.7484476909210596,-0.8796292370132563,0
0.6802161054504494,1.192507512477975,0.7556192734737147,3.4030494075985307,-2.140647299770844,-0.08975238270848362,-2.3221575746989025,0.9208440502958652,1.4983483250288092,2.343501838593997,1
-0.32789471651291785,0.15519068385897913,1.158931474353572,-1.6019080597770772,-0.5947125552864372,-1.40915413796422,3.3174296747161742,-3.09428688479211,-1.292645472123864,2.1796265316842858,0
0.47635776935621926,0.5054701591666269,-0.04281433217983621,1.4604109358770498,-0.7350252601654642,0.4704661398393355,-0.23310995916682864,-0.6081310338941589,2.178163170499235,-0.46150922132993455,0
0.3514482075415829,1.0701502383164274,-2.1473805560353885,-1.4631903312583119,-1.9194478950779248,-0.6903752207849636,-2.066452049878725,-1.4686622849073465,1.4667898127993269,-1.7673835047058855,0
-0.3839712719523516,0.2502002062516945,0.6424729475517157,-1.1513744913462531,1.1728402981321528,-2.602472249011683,-1.1547022604216375,-0.7014214089166071,-2.2157925311729376,-0.913914645749375,0
0.4818660617184915,0.547264797377967,-0.7302451073960864,1.4942546612292487,1.5544720182691776,1.9353068806823448,-0.2704881394058818,2.7679927926613184,0.9485803405769642,-0.6506070411538775,1
-0.19003903500149447,-0.3574454228104272,2.2623804482488445,1.1064837872337514,-0.48146087017186623,2.57933320724105,0.9572078378168696,-0.6072051367819807,1.6482945952620403,-2.3688719875096096,1
